feature,importance
sci_neg_count,1.1481446258461623
sci_norm_neg,0.7711845973954335
sci_pos_count,0.728546207484066
sci_net_score,0.7271156746371807
sci_norm_pos,0.38924264214308485
covid_mentions,0.15762212627250877
question_marks,0.1484282978613045
quote_count,0.13045817858234038
article_length,0.11694979915414663
trump_mentions,0.09640122945804026
death_mentions,0.0851917049912291
tfidf_3a,0.0776364200540202
tfidf_22,0.07425661054657237
tfidf_22 3a,0.07421626782082758
tfidf_fauci,0.07085401265469832
tfidf_2c,0.0693704871914955
tfidf_22 2c,0.0693704871914955
resp_neg_count,0.06535598283992909
tfidf_hydroxychloroquine,0.05016894476122418
tfidf_night,0.047047937285928966
resp_norm_neg,0.04524412034986438
fauci_mentions,0.04467079904697444
tfidf_support,0.03992025786710258
tfidf_claims,0.03691948239039233
tfidf_trump coronavirus,0.0368961571700379
tfidf_claim,0.03465952265525457
tfidf_media,0.031413435179497226
tfidf_br li li,0.03024208641346687
tfidf_2020,0.03001612447015046
resp_net_score,0.029780880733639128
tfidf_world 2020 apr,0.02771716017394069
tfidf_li href https,0.027661495160149013
tfidf_li href,0.027661495160149013
tfidf_drug,0.02762747447128341
tfidf_com news,0.02735130774258203
tfidf_theguardian com news,0.02735130774258203
tfidf_public,0.026800314652241208
tfidf_governor,0.026786596340787158
tfidf_https support,0.02610180398660589
tfidf_https support theguardian,0.02610180398660589
tfidf_support theguardian,0.02610180398660589
tfidf_href https support,0.02610180398660589
tfidf_support theguardian com,0.02610180398660589
tfidf_06,0.026045614804126673
tfidf_cuomo,0.025837783471397157
tfidf_2020 apr,0.02579942881339474
tfidf_apr,0.02579942881339474
tfidf_br li,0.025487375104611666
tfidf_amp,0.025373513350429984
tfidf_world 2020,0.02504385290573688
tfidf_com world 2020,0.02504270219564189
tfidf_impeachment,0.024972246596286357
tfidf_amid,0.024952618943010995
tfidf_com uk,0.02488881544889698
tfidf_theguardian com uk,0.02488881544889698
resp_norm_pos,0.024837381008327063
tfidf_make,0.024008272640516408
tfidf_latest coronavirus live,0.023906590064087577
resp_pos_count,0.023810702939297816
tfidf_economy,0.0234621970817044
tfidf_https www,0.02340374931642156
tfidf_href https www,0.02340374931642156
tfidf_www,0.02340374931642156
tfidf_www theguardian com,0.02340174469215863
tfidf_www theguardian,0.02340174469215863
tfidf_https www theguardian,0.02340174469215863
tfidf_pandemic,0.02326571500283543
tfidf_reopen,0.023176752319746682
tfidf_health,0.023015046749975482
tfidf_https,0.022964347326093565
tfidf_href,0.02296387804352182
tfidf_href https,0.02296387804352182
tfidf_com news series,0.022901714445187495
tfidf_news series,0.022857835026374757
tfidf_news series politics,0.022857835026374757
tfidf_series politics live,0.022857835026374757
tfidf_series politics,0.022857835026374757
tfidf_live updates li,0.02267362070677939
tfidf_ul li href,0.022585959015705072
tfidf_politics live latest,0.02256966277628005
tfidf_br,0.022318049806474276
tfidf_politics,0.02182085827182936
tfidf_live updates,0.021604149679273644
tfidf_coronavirus live updates,0.021191652921059668
tfidf_com,0.021190962946258423
tfidf_theguardian,0.02118512566798944
tfidf_theguardian com,0.02118512566798944
tfidf_live latest coronavirus,0.020713508409473474
tfidf_latest coronavirus,0.02058305127403888
tfidf_politics live,0.020379182324600786
tfidf_new york,0.019743731382677987
tfidf_york,0.019743731382677987
tfidf_live latest live,0.019357295939479966
tfidf_latest live global,0.019357295939479966
tfidf_covid,0.019316870232825703
tfidf_live global updates,0.01909106072182792
tfidf_latest live,0.019044451107015404
tfidf_live global,0.01891944344715958
tfidf_19,0.018620458756225273
tfidf_covid 19,0.018568533035498977
tfidf_intcmp,0.018512678265679674
tfidf_thing newsletter li,0.01834113520911615
tfidf_coverage li ul,0.017801392872084022
tfidf_2020 aug,0.017702722064706133
tfidf_aug,0.017702722064706133
tfidf_li li href,0.017634525825981504
tfidf_newsletter li,0.017091726323461967
tfidf_america,0.016351198249966555
tfidf_pelosi,0.015957422121361708
tfidf_don,0.015497488107905154
tfidf_republican,0.015465872144345885
tfidf_said,0.015217916858228417
tfidf_cases,0.014880762640267817
tfidf_uk,0.01473589820513366
tfidf_com news 2020,0.01471775064000615
tfidf_president,0.01450998422037921
tfidf_new,0.014406745707857792
tfidf_global updates li,0.014283819611696186
tfidf_news 2020 aug,0.0142762192397961
tfidf_guardian,0.014160009765221434
tfidf_sign href,0.014134808460750749
tfidf_sign href https,0.014134808460750749
tfidf_stay informed thing,0.014134808460750749
tfidf_informed thing newsletter,0.014134808460750749
tfidf_informed thing,0.014134808460750749
tfidf_thing newsletter,0.014134808460750749
tfidf_news 2020,0.013783839593741888
tfidf_live news,0.013580467891286184
tfidf_live,0.013491171620888002
tfidf_event,0.013096784782912105
tfidf_world,0.012838435827135309
tfidf_plus,0.01279235525998644
tfidf_warns,0.012715761282094708
tfidf_newsletter,0.012603923587246584
tfidf_theguardian com world,0.012581613394514569
tfidf_com world,0.012581613394514569
tfidf_global updates,0.012517890558067728
exclamation_marks,0.012461270057268374
tfidf_sign,0.01216005082345397
tfidf_block,0.011911241670485129
tfidf_coronavirus,0.011876667152150827
tfidf_2020 jun,0.011741012204325463
tfidf_jun,0.011482394913205674
tfidf_thing,0.01129357523117472
tfidf_election,0.010982854448784968
tfidf_000,0.010931075143538438
tfidf_latest,0.010649161950432548
tfidf_updates page,0.010187915179797086
tfidf_updates page block,0.010187915179797086
tfidf_2020 nov,0.009744602258882969
tfidf_nov,0.009744602258882969
tfidf_li sign,0.009705374172076163
tfidf_li sign href,0.009705374172076163
tfidf_li li sign,0.009705374172076163
tfidf_informed,0.009419434970250785
tfidf_briefing,0.009341422531401706
tfidf_com info 2018,0.009317831104055289
tfidf_com info,0.009317831104055289
tfidf_theguardian com info,0.009317831104055289
tfidf_calls,0.009307885385660585
tfidf_series,0.00921047089048371
tfidf_briefing sign,0.009151047344975249
tfidf_17 guardian,0.009151047344975249
tfidf_guardian morning,0.009151047344975249
tfidf_guardian morning briefing,0.009151047344975249
tfidf_info 2018,0.009151047344975249
tfidf_info 2018 sep,0.009151047344975249
tfidf_morning briefing sign,0.009151047344975249
tfidf_17 guardian morning,0.009151047344975249
tfidf_briefing sign stay,0.009151047344975249
tfidf_2018 sep,0.009151047344975249
tfidf_sign stay,0.009151047344975249
tfidf_2018 sep 17,0.009151047344975249
tfidf_stay informed,0.009151047344975249
tfidf_sep 17 guardian,0.009151047344975249
tfidf_sign stay informed,0.009151047344975249
tfidf_morning briefing,0.009134672070831596
tfidf_sep 17,0.009108691207607872
tfidf_info,0.009106570401065687
tfidf_live 2020,0.009071036879925302
tfidf_live latest,0.009000118453588576
tfidf_deaths,0.008955221080943423
tfidf_happened ul,0.008872206016551299
tfidf_happened ul li,0.008872206016551299
tfidf_ul,0.008869885416133882
tfidf_2018,0.008845668743565158
tfidf_news,0.008759439597668459
tfidf_biden,0.008675476091240369
tfidf_page,0.008623355174760013
tfidf_page block,0.008473181203722676
tfidf_vaccine,0.008465405578328635
tfidf_convention,0.00831689830911658
tfidf_com news live,0.008215988671086572
tfidf_morning,0.00821494490567017
tfidf_updates li,0.008170242567162042
tfidf_stay,0.00817015608048536
tfidf_house,0.008075104375881558
tfidf_17,0.00805296786617448
tfidf_news live 2020,0.008014997087394513
tfidf_news live,0.007961769008118534
tfidf_says,0.00793271719433455
tfidf_vote,0.007841359299534084
tfidf_newsletter li ul,0.007810595040512517
tfidf_coverage,0.0077426564347353784
tfidf_updates li li,0.007736262572977879
tfidf_live updates page,0.007661672348741569
tfidf_masks,0.007607318909010988
tfidf_outbreak,0.007583068634850403
tfidf_coverage li,0.007543189539383318
tfidf_com world series,0.007490236862157891
tfidf_coronavirus live latest,0.0074745085717249585
tfidf_series coronavirus live,0.007468758807781487
tfidf_series coronavirus,0.007468758807781487
tfidf_world series,0.007468758807781487
tfidf_world series coronavirus,0.007468758807781487
tfidf_sep,0.007433040934343096
tfidf_02,0.00743127746430859
tfidf_world coronavirus,0.007391866719058057
tfidf_virus,0.007383515698579257
tfidf_white,0.007382293159487077
tfidf_coronavirus outbreak coronavirus,0.007380765342140412
tfidf_com world coronavirus,0.007380303951270553
tfidf_outbreak coronavirus,0.0073790927051768564
tfidf_world coronavirus outbreak,0.007377540336384261
tfidf_coronavirus coverage li,0.0073767761581422335
tfidf_outbreak coronavirus coverage,0.007372063536207714
tfidf_coronavirus coverage,0.007368853020831481
tfidf_coronavirus outbreak,0.0073543625688353145
tfidf_white house,0.007272725798247664
tfidf_second,0.007244263985112646
tfidf_trump covid,0.007078793739497342
tfidf_fight,0.00699252074090739
tfidf_li,0.006893818480034797
tfidf_10,0.006818484771500108
tfidf_face,0.006700523811993464
tfidf_live 2020 nov,0.006687543212690828
tfidf_coronavirus live,0.0066813349740931175
tfidf_09,0.006535773592286587
tfidf_latest updates,0.006492195396864393
tfidf_happened,0.006318006815892066
tfidf_australia,0.0062293517074139
tfidf_updates,0.006201321931781159
tfidf_covid 19 cases,0.006161850693826836
tfidf_19 cases,0.006161850693826836
tfidf_latest global,0.006028361054997241
tfidf_24,0.00586456267533093
tfidf_strong,0.00581681012629536
tfidf_national,0.005764021889218296
tfidf_relief,0.005754868641323448
tfidf_news updates,0.005559857533051131
tfidf_cdc,0.005510914199155352
tfidf_year,0.005416973833354348
tfidf_23,0.00536782015237082
tfidf_coronavirus covid 19,0.005271199544510056
tfidf_spain,0.005266217986377053
tfidf_li ul,0.005238374622480828
tfidf_ul li,0.005238374622480828
tfidf_joe biden,0.005212777089821074
tfidf_joe,0.005211894428886477
tfidf_obama,0.005201888203637333
tfidf_chief,0.005079094639857763
tfidf_coronavirus latest updates,0.00506845007569642
tfidf_coronavirus updates,0.0047539087270140135
tfidf_coronavirus covid,0.004741638630190354
tfidf_updates br li,0.004646717429780764
tfidf_2020 sep,0.004617090847961997
tfidf_br li ul,0.004609715670758704
tfidf_biden coronavirus,0.004585497367965872
tfidf_19 live updates,0.004569114157166643
tfidf_spread,0.004551653993364125
tfidf_americans,0.004547691104787123
tfidf_joe biden coronavirus,0.0045177153565190715
tfidf_donald trump joe,0.004485924022257475
tfidf_trump joe biden,0.004483560376481411
tfidf_trump joe,0.004483560376481411
tfidf_latest news updates,0.004452008894599965
tfidf_home,0.00444793292746142
tfidf_covid 19 live,0.004436143312651151
tfidf_19 live,0.004436143312651151
tfidf_donald trump coronavirus,0.004413939194617236
tfidf_updates br,0.004385613069740131
tfidf_oct,0.004297288356793909
tfidf_2020 oct,0.004297288356793909
tfidf_latest news,0.004271652373414846
tfidf_latest updates li,0.004178831316107943
tfidf_coronavirus latest,0.004171502521776948
tfidf_live 2020 aug,0.004161056982182087
tfidf_mail,0.00414947899062281
tfidf_orders,0.004106492148216353
tfidf_li li,0.004087344300633183
tfidf_world live 2020,0.004073152312907939
tfidf_com world live,0.004067948572950263
tfidf_world live,0.004067948572950263
tfidf_05,0.004040592646153566
tfidf_government,0.003989224658699971
tfidf_2020 mar,0.003975999971757651
tfidf_mar,0.003975999971757651
tfidf_donald,0.003919930906054348
tfidf_08,0.0038994923360934877
tfidf_donald trump,0.0038955757490764624
tfidf_crisis,0.003885670438182716
tfidf_global,0.0038041426157543567
tfidf_week,0.0037695110029761876
tfidf_live 2020 apr,0.003745801843957649
tfidf_blog,0.003737768109209299
tfidf_plans,0.003602314592811147
tfidf_trump says,0.0035993720185099414
tfidf_12,0.0035737064964042786
tfidf_latest coronavirus latest,0.00353730173103268
tfidf_updates coronavirus,0.003517873957552157
tfidf_18,0.0035001818280360813
tfidf_latest global updates,0.0034796731163424547
tfidf_surge,0.0033584377287306823
tfidf_harris,0.0033516800277494816
tfidf_highest,0.003350399521760477
tfidf_lockdown,0.003337041463637087
tfidf_administration,0.0033128127138129554
tfidf_say,0.0033109300595222284
tfidf_joe biden donald,0.003266524369215989
tfidf_biden donald,0.003266524369215989
tfidf_biden donald trump,0.003266524369215989
tfidf_daily,0.0032242572438468077
tfidf_2021,0.0031815375530887422
tfidf_trump coronavirus covid,0.003157581413403707
tfidf_experts,0.0031429021841099906
tfidf_live news updates,0.003140479199281144
tfidf_kamala,0.0031052061616178603
tfidf_kamala harris,0.0031052061616178603
tfidf_record,0.0030921225401178113
tfidf_response,0.003091179558186394
tfidf_14,0.0030476026689970057
tfidf_china,0.003006951951224925
tfidf_newsletter br,0.003001438247589341
tfidf_coronavirus live news,0.002932453973113049
tfidf_11,0.002916943381614757
tfidf_business,0.002844755927089902
tfidf_democrats,0.0028369780386287647
tfidf_people,0.0028260221148934577
tfidf_live 2020 oct,0.002817143393276839
tfidf_election 2020,0.002789244805159366
tfidf_testing,0.002747628174058005
tfidf_rally,0.002739960389888868
tfidf_australia news,0.0026952198165022924
tfidf_live 2020 sep,0.0026633314865091907
tfidf_2020 dec,0.0026522649178415594
tfidf_dec,0.0026522649178415594
tfidf_com australia news,0.0026279017973114497
tfidf_theguardian com australia,0.0026279017973114497
tfidf_com australia,0.0026279017973114497
tfidf_news 2020 oct,0.0026126839660919996
tfidf_despite,0.002599218931827942
tfidf_death,0.002597374629170358
tfidf_news updates page,0.002573584977528935
tfidf_14 coronavirus,0.0025107613496744233
tfidf_global coronavirus,0.0025052825511607023
tfidf_follow,0.0025028959800174086
tfidf_debate,0.002490491346310536
tfidf_live 2020 mar,0.002468100318235184
tfidf_secretary,0.002448600780854404
tfidf_court,0.0024319534947943194
tfidf_updates li ul,0.0024010095705777586
tfidf_test,0.002375868428482963
tfidf_mike,0.0023641944337591623
tfidf_15,0.0023623069954312407
tfidf_live page block,0.0023445464847970166
tfidf_live page,0.0023445464847970166
tfidf_27,0.0023258601181613712
tfidf_brazil,0.002310313305469242
tfidf_travel,0.0023071415334149554
tfidf_republicans,0.0022969468779291966
tfidf_hosts,0.002273320370636841
tfidf_pence,0.0022536733581851455
tfidf_victoria,0.002231498080681548
tfidf_numbers,0.002230199925829195
tfidf_20,0.0022116984953846805
tfidf_theguardian com business,0.0022046207232282035
tfidf_com business,0.0022046207232282035
tfidf_2020 jul,0.002185119882691424
tfidf_jul,0.002185119882691424
tfidf_live 2020 dec,0.0021731935559033714
tfidf_italy,0.0021543291730512096
tfidf_mike pence,0.0021492456299890056
tfidf_07,0.0021469455715803338
tfidf_leaders,0.002132574038861876
tfidf_supreme court,0.0021323499933389146
tfidf_protests,0.0021275735118223265
tfidf_supreme,0.002117992046882426
tfidf_follow latest,0.0021119791422669976
tfidf_states,0.002100028221426256
tfidf_nsw,0.0020908941784180696
tfidf_johnson,0.0020846854958099558
tfidf_congress,0.002062568568624492
tfidf_records,0.002045587297262585
tfidf_stimulus,0.002039687237896151
tfidf_amy,0.0020076312846764176
tfidf_state,0.002002130433947139
tfidf_campaign,0.001998925968104379
tfidf_report,0.0019931253722683846
tfidf_interactive,0.001976861530666188
tfidf_passes,0.0019731622520020543
tfidf_positive,0.0019690542602339646
tfidf_south,0.0019611967425138687
tfidf_email,0.00195467199817892
tfidf_pass,0.0019497376121707223
tfidf_fears,0.0019459523168560986
tfidf_reopening,0.0019309953646665617
tfidf_rise,0.001929268853025897
tfidf_france,0.0019237316789327864
tfidf_trump biden,0.0019212139506091359
tfidf_map,0.0019142878107188004
tfidf_16,0.0019099860614223
tfidf_case,0.001904940744583117
tfidf_ng,0.0018924673575594025
tfidf_ng interactive,0.0018924673575594025
tfidf_tests,0.0018798086034072128
tfidf_updates trump,0.001879405194487539
tfidf_coronavirus pandemic,0.0018731359566537724
tfidf_million,0.0018482500824639173
tfidf_europe,0.0018463565976709435
tfidf_death toll,0.0018453482511824068
tfidf_toll,0.0018453109905490282
tfidf_australia news 2020,0.001836491163361704
tfidf_blog closed,0.001806550884216409
tfidf_late,0.0018059574027147153
tfidf_rules,0.0017954042363993183
tfidf_coronavirus cases,0.0017861540909295426
tfidf_lives,0.001771660240675574
tfidf_closed,0.001761585517505727
tfidf_day,0.0017593786992394357
tfidf_california,0.0017576662585594414
tfidf_business live,0.0017435833566496178
tfidf_unemployment,0.0017355071154715569
tfidf_daily coronavirus,0.001725289813455776
tfidf_13,0.001715262507383759
tfidf_hotspots,0.0017098314613461828
tfidf_time,0.0016977469464832776
tfidf_interactive 2020,0.0016943417443883112
tfidf_ng interactive 2020,0.0016943417443883112
tfidf_app,0.0016856065507265387
tfidf_update,0.0016731148517381245
tfidf_live 2020 jul,0.0016527596647216885
tfidf_28,0.0016474210014139916
tfidf_com politics,0.0016442794691058187
tfidf_theguardian com politics,0.0016442794691058187
tfidf_weekly,0.0016175916681041322
tfidf_schools,0.0015929187072892441
tfidf_country,0.0015920655890146573
tfidf_reports,0.0015919421741067358
tfidf_late night,0.001591852029782564
tfidf_jan,0.0015814346304607462
tfidf_funding,0.0015807121287520901
tfidf_news trump,0.00157563360295819
tfidf_blog closed ul,0.0015747579850389315
tfidf_presidential,0.0015701061931942093
tfidf_new cases,0.0015693481663681776
tfidf_democratic,0.0015685747047552408
tfidf_mask,0.0015669192745518532
tfidf_late night hosts,0.0015564684289084648
tfidf_12 coronavirus,0.0015448924507131183
tfidf_risk,0.0015439045221533844
tfidf_100,0.0015397401833495293
tfidf_markets,0.0015376147231632715
tfidf_feb,0.0015348353460895741
tfidf_closed ul,0.0015327694653243479
tfidf_closed ul li,0.0015327694653243479
tfidf_quarantine,0.001511387515052671
tfidf_2021 jan,0.0015016872570164782
tfidf_30,0.0015010059022626662
tfidf_hospital,0.0014825296932332093
tfidf_plan,0.0014689635615904246
tfidf_boris,0.0014331871191723654
tfidf_senate,0.001423595266159339
tfidf_care,0.0014176718064562704
tfidf_russia,0.0014007333765509475
tfidf_boris johnson,0.0013957079861349488
tfidf_live news trump,0.001391078097136541
tfidf_infections,0.0013859484125062103
tfidf_live li,0.0013669167654163188
tfidf_04,0.0013547795298975924
tfidf_days,0.00134639268979932
tfidf_officials,0.0013442025954769803
tfidf_com business live,0.0012906851739073748
tfidf_business live page,0.0012903409464273623
tfidf_01,0.0012851768473123705
tfidf_live coverage,0.0012846285010942504
tfidf_george,0.0012716832540435779
tfidf_federal,0.0012702766200688685
tfidf_business live 2020,0.0012686658389424823
tfidf_england,0.0012658480549127614
tfidf_03,0.0012342652620367964
tfidf_rate,0.0012336864226937425
tfidf_global report,0.0012084696551722654
tfidf_restrictions,0.0012008287390782232
tfidf_staff,0.0011780675960645214
tfidf_live coverage li,0.001162883589680883
tfidf_data,0.0011585751063425266
tfidf_politics live coverage,0.0011580422989110237
tfidf_tests positive,0.001151540970614582
tfidf_near,0.0011390349299171896
tfidf_results,0.0011324452537530808
tfidf_live trump,0.001109982017977169
tfidf_uk coronavirus,0.0010980732385858277
tfidf_speech,0.0010731351211059055
tfidf_live blog,0.0010675089938282363
tfidf_21,0.0010622276050098304
tfidf_georgia,0.0009927642954919904
tfidf_barrett,0.0009394627393623431
tfidf_sanders,0.0009391369710772469
tfidf_biden election,0.0009235262633975695
tfidf_press,0.0009151404008828996
tfidf_updates politics,0.0008636289372510462
tfidf_updates politics live,0.0008440171803046515
tfidf_ftse,0.0008132545229366218
tfidf_amy coney barrett,0.000811709952687566
tfidf_coney barrett,0.000811709952687566
tfidf_coney,0.000811709952687566
tfidf_emergency,0.0007694123581379906
tfidf_29,0.0007535170990402377
